realtime,LeafArea,LeafWidth,LeafLength,late,plam,numberOfCells,meanCellArea,numberOfCellInCDIV,meanCellAreaInCDIV,cellAreaInCDIV,numberOfCellOutCDIV,meanCellAreaOutCDIV,cellAreaOutCDIV
66,0.0072216,0.084,0,0.0235,116,6.2366E-05,0,NaN,0,116,6.2366E-05,0.0072345,
67,0.0072216,0.084,0,0.0235,116,6.2366E-05,116,6.2366E-05,0.0072345,0,NaN,0,
68,0.0072216,0.084,0.0844,0,0.0235,116,6.2366E-05,116,6.2366E-05,0.0072345,0,NaN,0
69,0.0072216,0.084,0.0844,0,0.0235,116,6.2366E-05,116,6.2366E-05,0.0072345,0,NaN,0
70,0.0072216,0.084,0.0844,0,0.0235,116,6.2366E-05,116,6.2366E-05,0.0072345,0,NaN,0
71,0.0072216,0.084,0.0844,0,0.0235,116,6.2366E-05,116,6.2366E-05,0.0072345,0,NaN,0
72,0.0072216,0.084,0.0844,0,0.0235,116,6.2366E-05,116,6.2366E-05,0.0072345,0,NaN,0
73,0.0072216,0.084,0.0844,0,0.0235,116,6.2366E-05,116,6.2366E-05,0.0072345,0,NaN,0
74,0.0072216,0.084,0.0844,0,0.0235,116,6.2366E-05,116,6.2366E-05,0.0072345,0,NaN,0
75,0.0072216,0.084,0.0844,0,0.0235,116,6.2366E-05,116,6.2366E-05,0.0072345,0,NaN,0
76,0.0072216,0.084,0.0844,0,0.0235,116,6.2366E-05,116,6.2366E-05,0.0072345,0,NaN,0
77,0.0072216,0.084,0.0844,0,0.0235,116,6.2366E-05,116,6.2366E-05,0.0072345,0,NaN,0
78,0.0072216,0.084,0.0844,0,0.0235,116,6.2366E-05,116,6.2366E-05,0.0072345,0,NaN,0
79,0.0072216,0.084,0.0844,0,0.0235,116,6.2366E-05,116,6.2366E-05,0.0072345,0,NaN,0
80,0.0072216,0.084,0.0844,0,0.0235,116,6.2366E-05,116,6.2366E-05,0.0072345,0,NaN,0
81,0.0072216,0.084,0.0844,0,0.0235,116,6.2366E-05,116,6.2366E-05,0.0072345,0,NaN,0
82,0.0072216,0.084,0.0844,0,0.0235,116,6.2366E-05,116,6.2366E-05,0.0072345,0,NaN,0
83,0.0072216,0.084,0.0844,0,0.0235,116,6.2366E-05,116,6.2366E-05,0.0072345,0,NaN,0
84,0.0072216,0.084,0.0844,0,0.0235,116,6.2366E-05,116,6.2366E-05,0.0072345,0,NaN,0
85,0.0072216,0.084,0.0844,0,0.0235,116,6.2366E-05,116,6.2366E-05,0.0072345,0,NaN,0
86,0.0072216,0.084,0.0844,0,0.0235,116,6.2366E-05,116,6.2366E-05,0.0072345,0,NaN,0
87,0.0072216,0.084,0.0844,0,0.0235,116,6.2366E-05,116,6.2366E-05,0.0072345,0,NaN,0
88,0.0075334,0.085728,0.086278,0,0.0235,118,6.3933E-05,118,6.3933E-05,0.0075441,0,NaN,0
89,0.0078596,0.087493,0.088206,0,0.0235,118,6.6728E-05,118,6.6728E-05,0.0078739,0,NaN,0
90,0.0082008,0.089302,0.090181,0,0.0235,119,6.9028E-05,119,6.9028E-05,0.0082144,0,NaN,0
91,0.0085579,0.091151,0.092207,0,0.0235,122,7.0227E-05,122,7.0227E-05,0.0085677,0,NaN,0
92,0.0089313,0.093044,0.094284,0,0.0235,125,7.1536E-05,125,7.1536E-05,0.0089421,0,NaN,0
93,0.0093222,0.094984,0.096412,0,0.0235,126,7.4139E-05,126,7.4139E-05,0.0093415,0,NaN,0
94,0.0097314,0.096973,0.098595,0,0.0235,126,7.74E-05,126,7.74E-05,0.0097524,0,NaN,0
95,0.01016,0.099009,0.10083,0,0.0235,127,8.015E-05,127,8.015E-05,0.010179,0,NaN,0
96,0.010608,0.10109,0.10313,0,0.0235,128,8.3036E-05,128,8.3036E-05,0.010629,0,NaN,0
97,0.011077,0.10323,0.10548,0,0.0235,130,8.535E-05,130,8.535E-05,0.011095,0,NaN,0
98,0.011569,0.10541,0.1079,0,0.0235,136,8.5123E-05,136,8.5123E-05,0.011577,0,NaN,0
99,0.012083,0.10764,0.11038,0,0.0235,138,8.7699E-05,138,8.7699E-05,0.012102,0,NaN,0
100,0.012622,0.10993,0.11293,0,0.0235,142,8.9009E-05,142,8.9009E-05,0.012639,0,NaN,0
101,0.013186,0.11227,0.11553,0,0.0235,143,9.2405E-05,143,9.2405E-05,0.013214,0,NaN,0
102,0.013777,0.11467,0.11821,0,0.0235,146,9.4493E-05,146,9.4493E-05,0.013796,0,NaN,0
103,0.014396,0.11713,0.12096,0,0.0235,151,9.5412E-05,151,9.5412E-05,0.014407,0,NaN,0
104,0.015045,0.11965,0.12377,0,0.0235,157,9.5855E-05,157,9.5855E-05,0.015049,0,NaN,0
105,0.015726,0.12223,0.12667,0,0.0235,160,9.8427E-05,160,9.8427E-05,0.015748,0,NaN,0
106,0.016438,0.12487,0.12963,0,0.0235,164,0.00010037,164,0.00010037,0.01646,0,NaN,0
107,0.017179,0.1276,0.13262,0,0.0235,169,0.00010171,169,0.00010171,0.017189,0,NaN,0
108,0.017962,0.13037,0.13575,0,0.0235,179,0.0001004,179,0.0001004,0.017972,0,NaN,0
109,0.018782,0.13322,0.13895,0,0.0235,188,9.9982E-05,188,9.9982E-05,0.018797,0,NaN,0
110,0.019641,0.13612,0.14225,0,0.0235,198,9.9261E-05,198,9.9261E-05,0.019654,0,NaN,0
111,0.020543,0.1391,0.14562,0,0.0235,203,0.00010135,203,0.00010135,0.020575,0,NaN,0
112,0.021488,0.14215,0.14909,0,0.0235,210,0.00010245,210,0.00010245,0.021515,0,NaN,0
113,0.022478,0.14527,0.15266,0,0.0235,224,0.00010028,224,0.00010028,0.022462,0,NaN,0
114,0.023518,0.14847,0.15632,0,0.0235,232,0.00010142,156,0.00010011,0.015617,76,0.00010411,0.0079125
115,0.024608,0.15175,0.16007,0,0.0235,235,0.00010488,159,0.00010347,0.016451,76,0.00010783,0.0081949
116,0.025742,0.15514,0.16385,0,0.0235,238,0.00010834,162,0.00010682,0.017305,76,0.00011157,0.0084796
117,0.02694,0.15858,0.16781,0,0.0235,241,0.00011198,165,0.00011037,0.01821,76,0.00011547,0.0087761
118,0.028198,0.16211,0.17188,0,0.0235,246,0.00011477,170,0.00011262,0.019145,76,0.00011958,0.0090877
119,0.029517,0.16572,0.17605,0,0.0235,253,0.00011678,177,0.00011378,0.020138,76,0.00012377,0.0094066
120,0.030902,0.16943,0.18034,0,0.0235,257,0.00012038,181,0.00011714,0.021201,76,0.00012812,0.0097372
121,0.032355,0.17323,0.18475,0,0.0235,265,0.00012214,187,0.00011824,0.022111,78,0.00013148,0.010255
122,0.03388,0.17711,0.18928,0,0.0235,267,0.0001271,189,0.00012335,0.023312,78,0.00013618,0.010622
123,0.035481,0.18109,0.19393,0,0.0235,271,0.00013108,193,0.00012704,0.024518,78,0.00014109,0.011005
124,0.037161,0.18517,0.19871,0,0.0235,276,0.00013476,197,0.00013063,0.025734,79,0.00014507,0.01146
125,0.038925,0.18935,0.20362,0,0.0235,282,0.00013817,203,0.00013344,0.027089,79,0.00015032,0.011875
126,0.040761,0.19367,0.20855,0,0.0235,289,0.00014115,209,0.00013595,0.028414,80,0.00015472,0.012377
127,0.042704,0.19805,0.21374,0,0.0235,303,0.00014083,221,0.00013433,0.029687,82,0.00015834,0.012983
128,0.044745,0.20255,0.21906,0,0.0235,309,0.00014484,227,0.00013787,0.031297,82,0.00016414,0.013459
129,0.046888,0.20716,0.22455,0,0.0235,325,0.00014415,243,0.0001354,0.032902,82,0.00017008,0.013947
130,0.049118,0.21195,0.23004,0,0.0235,332,0.00014798,249,0.00013892,0.03459,83,0.00017515,0.014537
131,0.051481,0.21679,0.23583,0,0.0235,339,0.0001519,256,0.00014229,0.036427,83,0.00018152,0.015066
132,0.053941,0.22181,0.24163,0,0.0235,354,0.00015225,270,0.00014149,0.038201,84,0.00018684,0.015694
133,0.056547,0.2269,0.24773,0,0.0235,366,0.00015442,281,0.00014301,0.040187,85,0.00019212,0.01633
134,0.059286,0.23212,0.254,0,0.0235,380,0.00015592,295,0.00014343,0.042312,85,0.00019925,0.016936
135,0.062137,0.23753,0.26029,0,0.0235,396,0.00015672,311,0.00014311,0.044507,85,0.00020653,0.017555
136,0.065158,0.243,0.26692,0,0.0235,406,0.00016043,321,0.00014622,0.046935,85,0.00021413,0.018201
137,0.068305,0.24867,0.27357,0,0.0235,420,0.0001625,335,0.00014741,0.049384,85,0.00022198,0.018869
138,0.071641,0.25441,0.28058,0,0.0235,438,0.00016331,353,0.00014721,0.051966,85,0.00023017,0.019565
139,0.075114,0.26038,0.2876,0,0.0235,455,0.00016499,369,0.00014818,0.054679,86,0.00023713,0.020393
140,0.078797,0.26641,0.29503,0,0.0235,474,0.00016606,387,0.00014835,0.057412,87,0.00024485,0.021302
141,0.082633,0.2727,0.30246,0,0.0235,490,0.00016843,403,0.00014996,0.060434,87,0.00025398,0.022096
142,0.086701,0.27905,0.31031,0,0.0235,511,0.00016939,424,0.00015006,0.063625,87,0.00026361,0.022934
143,0.090939,0.28566,0.31816,0,0.0235,538,0.00016861,449,0.00014869,0.066762,89,0.00026913,0.023952
144,0.095434,0.29233,0.32643,0,0.0235,556,0.00017147,467,0.00015093,0.070484,89,0.00027923,0.024851
145,0.10012,0.29928,0.3347,0,0.0235,586,0.00017049,497,0.00014915,0.074127,89,0.00028968,0.025781
146,0.10509,0.30631,0.34343,0,0.0235,617,0.00016993,526,0.00014813,0.077915,91,0.00029597,0.026933
147,0.11026,0.31361,0.35218,0,0.0235,642,0.00017147,551,0.00014905,0.082128,91,0.00030719,0.027955
148,0.11576,0.32099,0.36142,0,0.0235,668,0.00017304,577,0.00015005,0.086578,91,0.00031885,0.029016
149,0.12154,0.32859,0.37088,0.0048,0.0235,692,0.0001753,600,0.00015185,0.091107,92,0.00032829,0.030203
150,0.12756,0.33646,0.38038,0.0096,0.0235,726,0.00017531,634,0.0001513,0.095927,92,0.00034071,0.031345
151,0.13392,0.34447,0.39031,0.0144,0.0235,754,0.00017726,662,0.00015275,0.10112,92,0.00035361,0.032532
152,0.14054,0.35277,0.40022,0.0192,0.0235,781,0.00017957,689,0.00015455,0.10648,92,0.00036694,0.033759
153,0.14743,0.36136,0.41015,0.024,0.0235,814,0.00018065,722,0.00015516,0.11202,92,0.00038072,0.035026
154,0.15472,0.37004,0.42064,0.0288,0.0235,857,0.00017993,765,0.00015405,0.11785,92,0.00039508,0.036348
155,0.16231,0.37908,0.43105,0.0336,0.0235,886,0.00018276,794,0.00015645,0.12422,92,0.00040989,0.03771
156,0.17021,0.38844,0.44148,0.0384,0.0235,918,0.00018493,826,0.00015817,0.13065,92,0.0004252,0.039118
157,0.17856,0.39796,0.45239,0.0432,0.0235,956,0.00018631,864,0.00015918,0.13753,92,0.00044112,0.040583
158,0.18725,0.40781,0.4633,0.048,0.0235,993,0.00018812,901,0.00016061,0.14471,92,0.00045754,0.042094
159,0.1963,0.41799,0.47423,0.0528,0.0235,1036,0.00018905,944,0.00016123,0.1522,92,0.00047448,0.043653
160,0.20586,0.42835,0.48567,0.0576,0.0235,1078,0.00019051,986,0.00016237,0.1601,92,0.00049204,0.045268
161,0.2158,0.43905,0.4971,0.0624,0.0235,1125,0.00019137,1015,0.00016228,0.16471,110,0.00045987,0.050585
162,0.22614,0.45011,0.50855,0.0672,0.0235,1167,0.00019334,1032,0.00016261,0.16782,135,0.00042821,0.057808
163,0.23706,0.4614,0.5205,0.072,0.0235,1216,0.00019447,1048,0.00016139,0.16913,168,0.00040081,0.067337
164,0.24839,0.473,0.53246,0.0768,0.0235,1256,0.00019737,930,0.00013537,0.12589,326,0.00037426,0.12201
165,0.26021,0.48503,0.54445,0.0816,0.0235,1298,0.00020008,950,0.00013465,0.12791,348,0.0003787,0.13179
166,0.2725,0.49747,0.55647,0.0864,0.0235,1338,0.00020328,967,0.00013511,0.13065,371,0.00038098,0.14134
167,0.28529,0.5103,0.56853,0.0912,0.0235,1378,0.0002067,985,0.00013557,0.13353,393,0.000385,0.15131
168,0.29887,0.52316,0.58151,0.096,0.0235,1425,0.00020936,1006,0.00013411,0.13491,419,0.00039002,0.16342
169,0.31299,0.53657,0.59439,0.1008,0.0235,1477,0.00021151,1038,0.00013302,0.13808,439,0.00039708,0.17432
170,0.32766,0.5504,0.60727,0.1056,0.0235,1528,0.00021402,1069,0.00013264,0.14179,459,0.00040356,0.18524
171,0.34294,0.56467,0.62018,0.1104,0.0235,1570,0.00021804,1084,0.00013259,0.14373,486,0.00040864,0.1986
172,0.35909,0.57904,0.63391,0.1152,0.0235,1624,0.00022066,1121,0.00013155,0.14746,503,0.00041925,0.21088
173,0.37588,0.59393,0.64754,0.12,0.0235,1678,0.00022359,1148,0.00013122,0.15065,530,0.00042365,0.22453
174,0.39335,0.60926,0.66117,0.1248,0.0235,1728,0.0002272,1192,0.00013146,0.1567,536,0.00044014,0.23591
175,0.41151,0.62502,0.67485,0.1296,0.0235,1785,0.00023006,1222,0.00013061,0.15961,563,0.00044592,0.25105
176,0.43042,0.64122,0.68858,0.1344,0.0235,1829,0.0002349,1243,0.00013177,0.16379,586,0.00045365,0.26584
177,0.45043,0.65759,0.70325,0.1392,0.0235,1881,0.00023901,1278,0.00013198,0.16866,603,0.00046586,0.28092
178,0.47125,0.67451,0.71784,0.144,0.0235,1938,0.00024271,1311,0.00013185,0.17285,627,0.00047451,0.29752
179,0.4929,0.69194,0.73245,0.1488,0.0235,1999,0.00024605,1347,0.00013068,0.17603,652,0.00048438,0.31582
180,0.51542,0.70995,0.7471,0.1536,0.0235,2064,0.0002492,1397,0.00013072,0.18262,667,0.00049735,0.33173
181,0.53886,0.72843,0.76182,0.1584,0.0235,2123,0.00025329,1436,0.00013077,0.18778,687,0.0005094,0.34996
182,0.56363,0.74711,0.7774,0.1632,0.0235,2183,0.00025763,1470,0.00013088,0.1924,713,0.00051895,0.37001
183,0.58937,0.76628,0.79299,0.168,0.0235,2239,0.00026271,1509,0.00013162,0.19861,730,0.00053368,0.38959
184,0.61617,0.786,0.8086,0.1728,0.0235,2296,0.00026785,0,NaN,0,2296,0.00026785,0.61499
185,0.64405,0.80625,0.82427,0.1776,0.0235,2296,0.00028027,0,NaN,0,2296,0.00028027,0.64349
186,0.67341,0.82678,0.84067,0.1824,0.0235,2296,0.00029304,0,NaN,0,2296,0.00029304,0.67282
187,0.70394,0.84797,0.85709,0.1872,0.0235,2296,0.00030631,0,NaN,0,2296,0.00030631,0.70329
188,0.73571,0.86979,0.87354,0.192,0.0235,2296,0.00032013,0,NaN,0,2296,0.00032013,0.73502
189,0.76877,0.89219,0.89004,0.1968,0.0235,2296,0.00033451,0,NaN,0,2296,0.00033451,0.76803
190,0.80358,0.91492,0.9073,0.20166,0.0235,2296,0.00034964,0,NaN,0,2296,0.00034964,0.80278
191,0.83918,0.93777,0.92456,0.20664,0.0235,2296,0.00036512,0,NaN,0,2296,0.00036512,0.83832
192,0.8756,0.9607,0.94182,0.21174,0.0235,2296,0.00038096,0,NaN,0,2296,0.00038096,0.87468
193,0.91317,0.98344,0.95968,0.21697,0.0235,2296,0.00039729,0,NaN,0,2296,0.00039729,0.91219
194,0.95153,1.0062,0.97754,0.22232,0.0235,2296,0.00041397,0,NaN,0,2296,0.00041397,0.95048
195,0.99066,1.0288,0.99538,0.22781,0.0235,2296,0.00043099,0,NaN,0,2296,0.00043099,0.98955
196,1.0308,1.0512,1.0138,0.23344,0.0235,2296,0.00044844,0,NaN,0,2296,0.00044844,1.0296
197,1.0717,1.0734,1.0322,0.2392,0.0235,2296,0.00046621,0,NaN,0,2296,0.00046621,1.0704
198,1.1132,1.0956,1.0506,0.24511,0.0235,2296,0.00048429,0,NaN,0,2296,0.00048429,1.1119
199,1.1554,1.1174,1.0691,0.25116,0.0235,2296,0.0005026,0,NaN,0,2296,0.0005026,1.154
200,1.1985,1.1389,1.0882,0.25736,0.0235,2296,0.00052134,0,NaN,0,2296,0.00052134,1.197
201,1.2421,1.1603,1.1073,0.26372,0.0235,2296,0.00054032,0,NaN,0,2296,0.00054032,1.2406
202,1.2863,1.1815,1.1264,0.27023,0.0235,2296,0.00055954,0,NaN,0,2296,0.00055954,1.2847
203,1.331,1.2024,1.1455,0.2769,0.0235,2296,0.00057896,0,NaN,0,2296,0.00057896,1.3293
204,1.3761,1.223,1.1646,0.28374,0.0235,2296,0.00059856,0,NaN,0,2296,0.00059856,1.3743
205,1.4219,1.243,1.1844,0.29074,0.0235,2296,0.00061851,0,NaN,0,2296,0.00061851,1.4201
206,1.4682,1.2628,1.2041,0.29792,0.0235,2296,0.00063864,0,NaN,0,2296,0.00063864,1.4663
207,1.5148,1.2822,1.2239,0.30527,0.0235,2296,0.00065888,0,NaN,0,2296,0.00065888,1.5128
208,1.5616,1.3014,1.2436,0.31281,0.0235,2296,0.00067923,0,NaN,0,2296,0.00067923,1.5595
209,1.6086,1.3202,1.2634,0.32054,0.0235,2296,0.00069968,0,NaN,0,2296,0.00069968,1.6065
210,1.6558,1.3387,1.2831,0.32845,0.0235,2296,0.00072021,0,NaN,0,2296,0.00072021,1.6536
211,1.7032,1.3568,1.3029,0.33656,0.0235,2296,0.00074081,0,NaN,0,2296,0.00074081,1.7009
212,1.7506,1.3745,1.3227,0.34487,0.0235,2296,0.00076143,0,NaN,0,2296,0.00076143,1.7482
213,1.7981,1.3917,1.3425,0.35338,0.0235,2296,0.00078208,0,NaN,0,2296,0.00078208,1.7957
214,1.8456,1.4085,1.3623,0.36211,0.0235,2296,0.00080274,0,NaN,0,2296,0.00080274,1.8431
215,1.8937,1.4253,1.382,0.37105,0.0235,2296,0.00082365,0,NaN,0,2296,0.00082365,1.8911
216,1.9424,1.442,1.4018,0.38021,0.0235,2296,0.00084483,0,NaN,0,2296,0.00084483,1.9397
217,1.9917,1.4588,1.4216,0.3896,0.0235,2296,0.00086627,0,NaN,0,2296,0.00086627,1.9889
218,2.0416,1.4756,1.4414,0.39922,0.0235,2296,0.00088795,0,NaN,0,2296,0.00088795,2.0387
219,2.0927,1.492,1.4619,0.40907,0.0235,2296,0.00091015,0,NaN,0,2296,0.00091015,2.0897
220,2.1443,1.5084,1.4825,0.41917,0.0235,2296,0.00093261,0,NaN,0,2296,0.00093261,2.1413
221,2.1965,1.5247,1.5029,0.42952,0.0235,2296,0.00095532,0,NaN,0,2296,0.00095532,2.1934
222,2.2492,1.5411,1.5232,0.44013,0.0235,2296,0.00097825,0,NaN,0,2296,0.00097825,2.2461
223,2.3025,1.5574,1.5436,0.451,0.0235,2296,0.0010014,0,NaN,0,2296,0.0010014,2.2993
224,2.3562,1.5735,1.5638,0.46213,0.0235,2296,0.0010247,0,NaN,0,2296,0.0010247,2.3528
225,2.4104,1.5897,1.5841,0.47354,0.0235,2296,0.0010483,0,NaN,0,2296,0.0010483,2.4069
226,2.4651,1.606,1.6043,0.48523,0.0235,2296,0.0010721,0,NaN,0,2296,0.0010721,2.4615
227,2.5202,1.6222,1.6246,0.49721,0.0235,2296,0.0010961,0,NaN,0,2296,0.0010961,2.5166
228,2.5756,1.6382,1.6447,0.50949,0.0235,2296,0.0011202,0,NaN,0,2296,0.0011202,2.5719
229,2.6315,1.6541,1.6649,0.52207,0.0235,2296,0.0011445,0,NaN,0,2296,0.0011445,2.6277
230,2.6877,1.6699,1.685,0.53496,0.0235,2296,0.0011689,0,NaN,0,2296,0.0011689,2.6838
231,2.7444,1.6857,1.705,0.54817,0.0235,2296,0.0011936,0,NaN,0,2296,0.0011936,2.7404
232,2.8013,1.7013,1.7251,0.5617,0.0235,2296,0.0012183,0,NaN,0,2296,0.0012183,2.7972
233,2.8585,1.7168,1.745,0.57557,0.0235,2296,0.0012431,0,NaN,0,2296,0.0012431,2.8543
234,2.9161,1.7322,1.7649,0.58978,0.0235,2296,0.0012682,0,NaN,0,2296,0.0012682,2.9118
235,2.9739,1.7475,1.7848,0.60434,0.0235,2296,0.0012933,0,NaN,0,2296,0.0012933,2.9695
236,3.032,1.7627,1.8046,0.61926,0.0235,2296,0.0013186,0,NaN,0,2296,0.0013186,3.0276
237,3.0903,1.7777,1.8244,0.63455,0.0235,2296,0.0013439,0,NaN,0,2296,0.0013439,3.0857
238,3.1487,1.7925,1.844,0.65022,0.0235,2296,0.0013693,0,NaN,0,2296,0.0013693,3.144
239,3.2073,1.8072,1.8636,0.66627,0.0235,2296,0.0013948,0,NaN,0,2296,0.0013948,3.2025
240,3.266,1.8218,1.8832,0.68272,0.0235,2296,0.0014204,0,NaN,0,2296,0.0014204,3.2612
241,3.3249,1.8362,1.9025,0.69958,0.0235,2296,0.001446,0,NaN,0,2296,0.001446,3.32
242,3.384,1.8506,1.9217,0.71685,0.0235,2296,0.0014716,0,NaN,0,2296,0.0014716,3.3789
243,3.443,1.8648,1.9408,0.73455,0.0235,2296,0.0014973,0,NaN,0,2296,0.0014973,3.4379
244,3.5022,1.8789,1.9598,0.75269,0.0235,2296,0.001523,0,NaN,0,2296,0.001523,3.4969
245,3.5607,1.893,1.9782,0.77127,0.0235,2296,0.0015485,0,NaN,0,2296,0.0015485,3.5554
246,3.6195,1.907,1.9966,0.79032,0.0235,2296,0.001574,0,NaN,0,2296,0.001574,3.614
247,3.6781,1.9207,2.0148,0.80983,0.0235,2296,0.0015995,0,NaN,0,2296,0.0015995,3.6725
248,3.7367,1.9343,2.033,0.82982,0.0235,2296,0.001625,0,NaN,0,2296,0.001625,3.731
249,3.7952,1.9477,2.0511,0.85031,0.0235,2296,0.0016505,0,NaN,0,2296,0.0016505,3.7894
250,3.8531,1.9611,2.0686,0.87131,0.0235,2296,0.0016756,0,NaN,0,2296,0.0016756,3.8473
251,3.9111,1.9743,2.086,0.89282,0.0235,2296,0.0017008,0,NaN,0,2296,0.0017008,3.9051
252,3.9688,1.9873,2.1034,0.91486,0.0235,2296,0.0017259,0,NaN,0,2296,0.0017259,3.9628
253,4.0264,2.0001,2.1206,0.93745,0.0235,2296,0.001751,0,NaN,0,2296,0.001751,4.0203
254,4.0839,2.0127,2.1378,0.9606,0.0235,2296,0.001776,0,NaN,0,2296,0.001776,4.0777
255,4.1406,2.0254,2.1543,0.98431,0.0235,2296,0.0018006,0,NaN,0,2296,0.0018006,4.1343
256,4.1971,2.0378,2.1707,1.0086,0.0235,2296,0.0018252,0,NaN,0,2296,0.0018252,4.1906
257,4.2533,2.05,2.187,1.0335,0.0235,2296,0.0018496,0,NaN,0,2296,0.0018496,4.2468
258,4.3089,2.0621,2.2029,1.059,0.0235,2296,0.0018738,0,NaN,0,2296,0.0018738,4.3023
259,4.3643,2.074,2.2187,1.0852,0.0235,2296,0.0018979,0,NaN,0,2296,0.0018979,4.3576
260,4.4194,2.0858,2.2343,1.112,0.0235,2296,0.0019218,0,NaN,0,2296,0.0019218,4.4125
261,4.4737,2.0974,2.2495,1.1394,0.0235,2296,0.0019454,0,NaN,0,2296,0.0019454,4.4667
262,4.5278,2.1089,2.2646,1.1676,0.0235,2296,0.001969,0,NaN,0,2296,0.001969,4.5207
263,4.5815,2.1201,2.2796,1.1964,0.0235,2296,0.0019923,0,NaN,0,2296,0.0019923,4.5744
264,4.6344,2.1313,2.2941,1.2259,0.0235,2296,0.0020153,0,NaN,0,2296,0.0020153,4.6272
265,4.687,2.1423,2.3085,1.2562,0.0235,2296,0.0020382,0,NaN,0,2296,0.0020382,4.6797
266,4.7391,2.1531,2.3228,1.2872,0.0235,2296,0.0020609,0,NaN,0,2296,0.0020609,4.7317
267,4.7904,2.1637,2.3366,1.319,0.0235,2296,0.0020832,0,NaN,0,2296,0.0020832,4.7829
268,4.8413,2.1742,2.3503,1.3516,0.0235,2296,0.0021053,0,NaN,0,2296,0.0021053,4.8338
269,4.8915,2.1846,2.3636,1.3849,0.0235,2296,0.0021271,0,NaN,0,2296,0.0021271,4.8838
270,4.9413,2.1947,2.3768,1.4191,0.0235,2296,0.0021487,0,NaN,0,2296,0.0021487,4.9335
271,4.9902,2.2048,2.3896,1.4542,0.0235,2296,0.00217,0,NaN,0,2296,0.00217,4.9824
272,5.0388,2.2146,2.4024,1.4901,0.0235,2296,0.0021912,0,NaN,0,2296,0.0021912,5.0309
273,5.0866,2.2244,2.4147,1.5269,0.0235,2296,0.0022119,0,NaN,0,2296,0.0022119,5.0786
274,5.1339,2.2339,2.4269,1.5646,0.0235,2296,0.0022325,0,NaN,0,2296,0.0022325,5.1258
275,5.1808,2.2432,2.439,1.6032,0.0235,2296,0.0022529,0,NaN,0,2296,0.0022529,5.1726
276,5.2266,2.2525,2.4506,1.6428,0.0235,2296,0.0022728,0,NaN,0,2296,0.0022728,5.2183
277,5.272,2.2616,2.4622,1.6833,0.0235,2296,0.0022925,0,NaN,0,2296,0.0022925,5.2636
278,5.3165,2.2705,2.4733,1.7249,0.0235,2296,0.0023119,0,NaN,0,2296,0.0023119,5.3081
279,5.3606,2.2793,2.4844,1.7675,0.0235,2296,0.002331,0,NaN,0,2296,0.002331,5.352
280,5.4038,2.288,2.495,1.8111,0.0235,2296,0.0023498,0,NaN,0,2296,0.0023498,5.3951
281,5.4465,2.2964,2.5056,1.8558,0.0235,2296,0.0023684,0,NaN,0,2296,0.0023684,5.4378
282,5.4887,2.3047,2.5161,1.9017,0.0235,2296,0.0023867,0,NaN,0,2296,0.0023867,5.4799
283,5.5298,2.3129,2.5261,1.9486,0.0235,2296,0.0024046,0,NaN,0,2296,0.0024046,5.521
284,5.5705,2.3209,2.536,1.9967,0.0235,2296,0.0024223,0,NaN,0,2296,0.0024223,5.5616
285,5.6107,2.3287,2.5458,2.046,0.0235,2296,0.0024397,0,NaN,0,2296,0.0024397,5.6017
286,5.6498,2.3365,2.5551,2.0965,0.0235,2296,0.0024567,0,NaN,0,2296,0.0024567,5.6407
287,5.6883,2.344,2.5643,2.1483,0.0235,2296,0.0024735,0,NaN,0,2296,0.0024735,5.6792
288,5.7261,2.3515,2.5732,2.2013,0.0235,2296,0.0024899,0,NaN,0,2296,0.0024899,5.7168
289,5.7633,2.3588,2.582,2.2557,0.0235,2296,0.0025061,0,NaN,0,2296,0.0025061,5.754
290,5.7997,2.3661,2.5905,2.3114,0.0235,2296,0.0025219,0,NaN,0,2296,0.0025219,5.7903
291,5.8355,2.3731,2.5988,2.3685,0.0235,2296,0.0025375,0,NaN,0,2296,0.0025375,5.8261
292,5.8705,2.38,2.6068,2.4269,0.0235,2296,0.0025527,0,NaN,0,2296,0.0025527,5.861
293,5.905,2.3868,2.6148,2.4869,0.0235,2296,0.0025677,0,NaN,0,2296,0.0025677,5.8954
294,5.939,2.3934,2.6226,2.5483,0.0235,2296,0.0025825,0,NaN,0,2296,0.0025825,5.9293
295,5.972,2.4,2.63,2.6112,0.0235,2296,0.0025968,0,NaN,0,2296,0.0025968,5.9622
296,6.0044,2.4064,2.6373,2.6756,0.0235,2296,0.0026109,0,NaN,0,2296,0.0026109,5.9947
297,6.0361,2.4128,2.6444,2.7417,0.0235,2296,0.0026247,0,NaN,0,2296,0.0026247,6.0262
298,6.0672,2.4189,2.6513,2.8094,0.0235,2296,0.0026382,0,NaN,0,2296,0.0026382,6.0573
299,6.0975,2.425,2.658,2.8788,0.0235,2296,0.0026514,0,NaN,0,2296,0.0026514,6.0876
300,6.1274,2.4309,2.6646,2.9498,0.0235,2296,0.0026644,0,NaN,0,2296,0.0026644,6.1174
301,6.1565,2.4367,2.6708,3.0227,0.0235,2296,0.002677,0,NaN,0,2296,0.002677,6.1464
302,6.185,2.4424,2.677,3.0973,0.0235,2296,0.0026894,0,NaN,0,2296,0.0026894,6.1749
303,6.2128,2.448,2.6829,3.1738,0.0235,2296,0.0027015,0,NaN,0,2296,0.0027015,6.2026
304,6.2402,2.4534,2.6888,3.2521,0.0235,2296,0.0027134,0,NaN,0,2296,0.0027134,6.2299
305,6.2668,2.4588,2.6944,3.3324,0.0235,2296,0.0027249,0,NaN,0,2296,0.0027249,6.2564
306,6.2929,2.464,2.6999,3.4147,0.0235,2296,0.0027363,0,NaN,0,2296,0.0027363,6.2825
307,6.3186,2.469,2.7054,3.499,0.0235,2296,0.0027474,0,NaN,0,2296,0.0027474,6.3081
308,6.3434,2.4741,2.7105,3.5854,0.0235,2296,0.0027582,0,NaN,0,2296,0.0027582,6.3329
309,6.3677,2.4789,2.7156,3.6739,0.0235,2296,0.0027688,0,NaN,0,2296,0.0027688,6.3572
310,6.3914,2.4837,2.7204,3.7646,0.0235,2296,0.0027791,0,NaN,0,2296,0.0027791,6.3808
311,6.4146,2.4884,2.7251,3.8576,0.0235,2296,0.0027892,0,NaN,0,2296,0.0027892,6.404
312,6.4374,2.493,2.7298,3.9528,0.0235,2296,0.0027991,0,NaN,0,2296,0.0027991,6.4268
313,6.4594,2.4975,2.7342,4.0504,0.0235,2296,0.0028087,0,NaN,0,2296,0.0028087,6.4487
314,6.481,2.5019,2.7385,4.1504,0.0235,2296,0.0028181,0,NaN,0,2296,0.0028181,6.4703
315,6.5022,2.5061,2.7428,4.2529,0.0235,2296,0.0028273,0,NaN,0,2296,0.0028273,6.4914
316,6.5227,2.5104,2.7467,4.3579,0.0235,2296,0.0028362,0,NaN,0,2296,0.0028362,6.5118
317,6.5427,2.5145,2.7507,4.4655,0.0235,2296,0.0028449,0,NaN,0,2296,0.0028449,6.5318
318,6.5622,2.5185,2.7544,4.5758,0.0235,2296,0.0028533,0,NaN,0,2296,0.0028533,6.5512
319,6.5812,2.5224,2.7581,4.6887,0.0235,2296,0.0028616,0,NaN,0,2296,0.0028616,6.5702
320,6.5997,2.5263,2.7616,4.8045,0.0235,2296,0.0028696,0,NaN,0,2296,0.0028696,6.5887
321,6.6177,2.53,2.7649,4.9231,0.0235,2296,0.0028775,0,NaN,0,2296,0.0028775,6.6066
322,6.6353,2.5337,2.7683,5.0447,0.0235,2296,0.0028851,0,NaN,0,2296,0.0028851,6.6242
323,6.6526,2.5372,2.7715,5.1692,0.0235,2296,0.0028926,0,NaN,0,2296,0.0028926,6.6415
324,6.6693,2.5408,2.7746,5.2969,0.0235,2296,0.0028999,0,NaN,0,2296,0.0028999,6.6581
325,6.6856,2.5442,2.7776,5.4276,0.0235,2296,0.002907,0,NaN,0,2296,0.002907,6.6744
326,6.7014,2.5475,2.7804,5.5617,0.0235,2296,0.0029138,0,NaN,0,2296,0.0029138,6.6901
327,6.7169,2.5508,2.7832,5.699,0.0235,2296,0.0029205,0,NaN,0,2296,0.0029205,6.7056
328,6.7318,2.554,2.7859,5.8397,0.0235,2296,0.0029271,0,NaN,0,2296,0.0029271,6.7205
329,6.7465,2.5571,2.7885,5.9839,0.0235,2296,0.0029334,0,NaN,0,2296,0.0029334,6.7352
330,6.7607,2.5602,2.791,6.1316,0.0235,2296,0.0029396,0,NaN,0,2296,0.0029396,6.7493
331,6.7746,2.5632,2.7934,6.283,0.0235,2296,0.0029456,0,NaN,0,2296,0.0029456,6.7632
332,6.7881,2.5661,2.7957,6.4381,0.0235,2296,0.0029515,0,NaN,0,2296,0.0029515,6.7766
333,6.8012,2.5689,2.798,6.5971,0.0235,2296,0.0029572,0,NaN,0,2296,0.0029572,6.7897
334,6.8139,2.5717,2.8001,6.76,0.0235,2296,0.0029627,0,NaN,0,2296,0.0029627,6.8024
335,6.8264,2.5744,2.8022,6.9269,0.0235,2296,0.0029681,0,NaN,0,2296,0.0029681,6.8148
336,6.8384,2.5771,2.8042,7.0979,0.0235,2296,0.0029734,0,NaN,0,2296,0.0029734,6.8269
337,6.8502,2.5797,2.8062,7.2731,0.0235,2296,0.0029785,0,NaN,0,2296,0.0029785,6.8386
338,6.8616,2.5822,2.808,7.4527,0.0235,2296,0.0029834,0,NaN,0,2296,0.0029834,6.85
339,6.8728,2.5846,2.8098,7.6367,0.0235,2296,0.0029883,0,NaN,0,2296,0.0029883,6.8611
340,6.8836,2.5871,2.8115,7.8253,0.0235,2296,0.002993,0,NaN,0,2296,0.002993,6.8719
341,6.8941,2.5894,2.8132,8.0185,0.0235,2296,0.0029976,0,NaN,0,2296,0.0029976,6.8824
342,6.9044,2.5917,2.8149,8.2165,0.0235,2296,0.003002,0,NaN,0,2296,0.003002,6.8927
343,6.9143,2.5939,2.8164,8.4193,0.0235,2296,0.0030063,0,NaN,0,2296,0.0030063,6.9026
344,6.924,2.5961,2.8179,8.6272,0.0235,2296,0.0030105,0,NaN,0,2296,0.0030105,6.9122
345,6.9334,2.5983,2.8194,8.8402,0.0235,2296,0.0030146,0,NaN,0,2296,0.0030146,6.9216
346,6.9425,2.6003,2.8208,9.0585,0.0235,2296,0.0030186,0,NaN,0,2296,0.0030186,6.9307
347,6.9515,2.6024,2.8221,9.2821,0.0235,2296,0.0030225,0,NaN,0,2296,0.0030225,6.9396
348,6.9601,2.6044,2.8234,9.5113,0.0235,2296,0.0030262,0,NaN,0,2296,0.0030262,6.9482
349,6.9685,2.6063,2.8247,9.7461,0.0235,2296,0.0030299,0,NaN,0,2296,0.0030299,6.9566
350,6.9767,2.6082,2.8259,9.9868,0.0235,2296,0.0030334,0,NaN,0,2296,0.0030334,6.9648
351,6.9846,2.61,2.827,10.233,0.0235,2296,0.0030369,0,NaN,0,2296,0.0030369,6.9727
352,6.9923,2.6118,2.8281,10.486,0.0235,2296,0.0030402,0,NaN,0,2296,0.0030402,6.9804
353,6.9998,2.6136,2.8292,10.745,0.0235,2296,0.0030435,0,NaN,0,2296,0.0030435,6.9878
354,7.007,2.6153,2.8302,11.01,0.0235,2296,0.0030466,0,NaN,0,2296,0.0030466,6.9951
355,7.0141,2.617,2.8311,11.282,0.0235,2296,0.0030497,0,NaN,0,2296,0.0030497,7.0021
356,7.021,2.6186,2.8321,11.561,0.0235,2296,0.0030527,0,NaN,0,2296,0.0030527,7.009
357,7.0277,2.6202,2.833,11.846,0.0235,2296,0.0030556,0,NaN,0,2296,0.0030556,7.0157
358,7.0342,2.6217,2.8339,12.139,0.0235,2296,0.0030584,0,NaN,0,2296,0.0030584,7.0221
359,7.0405,2.6232,2.8347,12.438,0.0235,2296,0.0030611,0,NaN,0,2296,0.0030611,7.0284
360,7.0466,2.6247,2.8355,12.745,0.0235,2296,0.0030638,0,NaN,0,2296,0.0030638,7.0345
361,7.0526,2.6262,2.8363,13.06,0.0235,2296,0.0030664,0,NaN,0,2296,0.0030664,7.0405
362,7.0584,2.6276,2.837,13.382,0.0235,2296,0.0030689,0,NaN,0,2296,0.0030689,7.0462
363,7.064,2.629,2.8377,13.713,0.0235,2296,0.0030713,0,NaN,0,2296,0.0030713,7.0518
364,7.0694,2.6303,2.8384,14.051,0.0235,2296,0.0030737,0,NaN,0,2296,0.0030737,7.0573
365,7.0747,2.6316,2.8391,14.398,0.0235,2296,0.003076,0,NaN,0,2296,0.003076,7.0625
366,7.0799,2.6329,2.8397,14.754,0.0235,2296,0.0030783,0,NaN,0,2296,0.0030783,7.0677
367,7.0849,2.6341,2.8403,15.118,0.0235,2296,0.0030804,0,NaN,0,2296,0.0030804,7.0727
368,7.0897,2.6353,2.8409,15.491,0.0235,2296,0.0030825,0,NaN,0,2296,0.0030825,7.0775
369,7.0945,2.6365,2.8415,15.874,0.0235,2296,0.0030846,0,NaN,0,2296,0.0030846,7.0822
370,7.099,2.6377,2.842,16.266,0.0235,2296,0.0030866,0,NaN,0,2296,0.0030866,7.0868
371,7.1035,2.6388,2.8425,16.667,0.0235,2296,0.0030885,0,NaN,0,2296,0.0030885,7.0913
372,7.1078,2.6399,2.843,17.079,0.0235,2296,0.0030904,0,NaN,0,2296,0.0030904,7.0956
373,7.1121,2.641,2.8435,17.501,0.0235,2296,0.0030922,0,NaN,0,2296,0.0030922,7.0998
374,7.1161,2.642,2.8439,17.933,0.0235,2296,0.003094,0,NaN,0,2296,0.003094,7.1039
375,7.1201,2.6431,2.8443,18.375,0.0235,2296,0.0030957,0,NaN,0,2296,0.0030957,7.1078
376,7.124,2.6441,2.8448,18.829,0.0235,2296,0.0030974,0,NaN,0,2296,0.0030974,7.1117
377,7.1277,2.645,2.8452,19.294,0.0235,2296,0.003099,0,NaN,0,2296,0.003099,7.1154
378,7.1314,2.646,2.8455,19.77,0.0235,2296,0.0031006,0,NaN,0,2296,0.0031006,7.119
379,7.1349,2.6469,2.8459,20.259,0.0235,2296,0.0031022,0,NaN,0,2296,0.0031022,7.1226
380,7.1384,2.6478,2.8463,20.759,0.0235,2296,0.0031037,0,NaN,0,2296,0.0031037,7.126
381,7.1418,2.6487,2.8466,21.271,0.0235,2296,0.0031051,0,NaN,0,2296,0.0031051,7.1294
382,7.145,2.6495,2.8469,21.797,0.0235,2296,0.0031066,0,NaN,0,2296,0.0031066,7.1326
383,7.1482,2.6504,2.8473,22.335,0.0235,2296,0.0031079,0,NaN,0,2296,0.0031079,7.1358
384,7.1513,2.6512,2.8476,22.886,0.0235,2296,0.0031093,0,NaN,0,2296,0.0031093,7.1389
385,7.1543,2.652,2.8478,23.451,0.0235,2296,0.0031106,0,NaN,0,2296,0.0031106,7.1419
386,7.1572,2.6528,2.8481,24.03,0.0235,2296,0.0031118,0,NaN,0,2296,0.0031118,7.1448
387,7.16,2.6535,2.8484,24.623,0.0235,2296,0.003113,0,NaN,0,2296,0.003113,7.1476
388,7.1627,2.6543,2.8486,25.231,0.0235,2296,0.0031142,0,NaN,0,2296,0.0031142,7.1503
389,7.1654,2.655,2.8489,25.854,0.0235,2296,0.0031154,0,NaN,0,2296,0.0031154,7.153
390,7.168,2.6557,2.8491,26.493,0.0235,2296,0.0031165,0,NaN,0,2296,0.0031165,7.1556
391,7.1705,2.6564,2.8493,27.147,0.0235,2296,0.0031176,0,NaN,0,2296,0.0031176,7.1581
392,7.173,2.657,2.8495,27.817,0.0235,2296,0.0031187,0,NaN,0,2296,0.0031187,7.1605
393,7.1754,2.6577,2.8497,28.504,0.0235,2296,0.0031197,0,NaN,0,2296,0.0031197,7.1629
394,7.1777,2.6583,2.8499,29.208,0.0235,2296,0.0031207,0,NaN,0,2296,0.0031207,7.1652
395,7.1799,2.659,2.8501,29.929,0.0235,2296,0.0031217,0,NaN,0,2296,0.0031217,7.1675
396,7.1821,2.6596,2.8503,30.668,0.0235,2296,0.0031227,0,NaN,0,2296,0.0031227,7.1697
397,7.1843,2.6602,2.8505,31.425,0.0235,2296,0.0031236,0,NaN,0,2296,0.0031236,7.1718
398,7.1863,2.6607,2.8507,32.201,0.0235,2296,0.0031245,0,NaN,0,2296,0.0031245,7.1739
399,7.1884,2.6613,2.8508,32.996,0.0235,2296,0.0031254,0,NaN,0,2296,0.0031254,7.1759
400,7.1903,2.6618,2.851,33.811,0.0235,2296,0.0031262,0,NaN,0,2296,0.0031262,7.1778
401,7.1922,2.6624,2.8511,34.645,0.0235,2296,0.0031271,0,NaN,0,2296,0.0031271,7.1797
402,7.1941,2.6629,2.8513,35.501,0.0235,2296,0.0031279,0,NaN,0,2296,0.0031279,7.1816
403,7.1959,2.6634,2.8514,36.377,0.0235,2296,0.0031287,0,NaN,0,2296,0.0031287,7.1834
404,7.1977,2.6639,2.8515,37.275,0.0235,2296,0.0031294,0,NaN,0,2296,0.0031294,7.1851
405,7.1994,2.6644,2.8517,38.196,0.0235,2296,0.0031302,0,NaN,0,2296,0.0031302,7.1868
406,7.201,2.6649,2.8518,39.139,0.0235,2296,0.0031309,0,NaN,0,2296,0.0031309,7.1885
407,7.2027,2.6653,2.8519,40.105,0.0235,2296,0.0031316,0,NaN,0,2296,0.0031316,7.1901
408,7.2042,2.6658,2.852,41.095,0.0235,2296,0.0031323,0,NaN,0,2296,0.0031323,7.1917
409,7.2058,2.6662,2.8521,42.11,0.0235,2296,0.0031329,0,NaN,0,2296,0.0031329,7.1932
410,7.2072,2.6667,2.8522,43.15,0.0235,2296,0.0031336,0,NaN,0,2296,0.0031336,7.1947
411,7.2087,2.6671,2.8523,44.215,0.0235,2296,0.0031342,0,NaN,0,2296,0.0031342,7.1961